{
  "accuracy": [
    0.10164835304021835,
    0.19322344660758972,
    0.24267399311065674,
    0.2838827967643738,
    0.3214285671710968,
    0.36263737082481384,
    0.38827839493751526,
    0.3800366222858429,
    0.4166666567325592,
    0.44871795177459717,
    0.4514651894569397,
    0.48260071873664856,
    0.5045787692070007,
    0.528388261795044,
    0.5338827967643738,
    0.5347985625267029,
    0.5631868243217468,
    0.5558608174324036,
    0.5521978139877319,
    0.5741758346557617,
    0.6181318759918213,
    0.6043956279754639,
    0.5723443031311035,
    0.6117216348648071,
    0.6217948794364929,
    0.6410256624221802
  ],
  "loss": [
    2.3071346282958984,
    2.203211545944214,
    2.088836669921875,
    1.9652128219604492,
    1.8529940843582153,
    1.7783712148666382,
    1.6849220991134644,
    1.7284151315689087,
    1.6221444606781006,
    1.5317177772521973,
    1.5006400346755981,
    1.4901424646377563,
    1.3498129844665527,
    1.2898818254470825,
    1.3111200332641602,
    1.238969087600708,
    1.189322829246521,
    1.2577550411224365,
    1.2372338771820068,
    1.1298869848251343,
    1.0953257083892822,
    1.147517442703247,
    1.2101185321807861,
    1.0986156463623047,
    1.0776399374008179,
    1.010424017906189
  ],
  "val_accuracy": [
    0.2195121943950653,
    0.25,
    0.4176829159259796,
    0.47256097197532654,
    0.5365853905677795,
    0.4085365831851959,
    0.7256097793579102,
    0.7652438879013062,
    0.5548780560493469,
    0.7713414430618286,
    0.7286585569381714,
    0.6646341681480408,
    0.7743902206420898,
    0.8292682766914368,
    0.7835366129875183,
    0.9390243887901306,
    0.8658536672592163,
    0.7408536672592163,
    0.7804877758026123,
    0.8262194991111755,
    0.875,
    0.7408536672592163,
    0.8353658318519592,
    0.8536585569381714,
    0.8932926654815674,
    0.707317054271698
  ],
  "val_loss": [
    2.218932628631592,
    2.044395685195923,
    1.6592779159545898,
    1.491032361984253,
    1.3917213678359985,
    1.3463857173919678,
    1.2193485498428345,
    1.2068127393722534,
    1.3750919103622437,
    1.0088245868682861,
    1.0160707235336304,
    1.0782006978988647,
    0.9693254828453064,
    0.7856740355491638,
    0.9050082564353943,
    0.5999007225036621,
    0.7391903400421143,
    0.9120180010795593,
    0.6008967757225037,
    0.7341358661651611,
    0.5761755704879761,
    0.8753640055656433,
    0.7173322439193726,
    0.589611291885376,
    0.5549387335777283,
    0.7273375988006592
  ],
  "learning_rate": [
    0.0010000000474974513,
    0.0010000000474974513,
    0.0010000000474974513,
    0.0010000000474974513,
    0.0010000000474974513,
    0.0010000000474974513,
    0.0010000000474974513,
    0.0010000000474974513,
    0.0010000000474974513,
    0.0010000000474974513,
    0.0010000000474974513,
    0.0010000000474974513,
    0.0010000000474974513,
    0.0010000000474974513,
    0.0010000000474974513,
    0.0010000000474974513,
    0.0010000000474974513,
    0.0010000000474974513,
    0.0010000000474974513,
    0.0010000000474974513,
    0.0010000000474974513,
    0.0010000000474974513,
    0.0010000000474974513,
    0.0010000000474974513,
    0.0010000000474974513,
    0.0010000000474974513
  ]
}